pagenum,id
2,4496
3,4497
4,4498
5,4499
6,4500
7,4501
8,4502
9,4503
10,4504
11,4505
12,4506
14,4508
15,4509
16,4510
17,4511
18,4512
19,4513
20,4514
21,4515
22,4516
23,4517
24,4518
26,4520
27,4521
28,4522
29,4523
30,4524
32,4526
33,4527
35,4529
36,4530
37,4531
38,4532
39,4533
40,4534
41,4535
42,4536
44,4538
45,4539
46,4540
47,4541
48,4542
49,4543
50,4544
51,4545
52,4546
53,4547
54,4548
55,4549
56,4550
57,4551
58,4552
59,4553
60,4554
61,4555
62,4556
63,4557
64,4558
65,4559
66,4560
67,4561
68,4562
69,4563
70,4564
71,4565
72,4566
73,4567
74,4568
75,4569
76,4570
77,4571
78,4572
79,4573
80,4574
81,4575
82,4576
83,4577
84,4578
85,4579
86,4580
87,4581
88,4582
89,4583
90,4584
91,4585
92,4586
93,4587
94,4588
95,4589
96,4590
97,4591
98,4592
99,4593
100,4594
101,4595
102,4596
103,4597
104,4598
105,4599
106,4600
107,4601
108,4602
109,4603
110,4604
111,4605
112,4606
113,4607
115,4609
116,4610
117,4611
118,4612
119,4613
120,4614
121,4615
122,4616
123,4617
124,4618
125,4619
126,4620
127,4621
129,4623
130,4624
131,4625
132,4626
133,4627
134,4628
135,4629
136,4630
137,4631
138,4632
140,4634
141,4635
142,4636
143,4637
144,4638
145,4639
146,4640
147,4644
183,4680
188,4685
234,4731
344,4841
431,4928
460,4957
530,5027
538,5035
567,5064
642,5139
643,5140
688,5185
732,5229
756,5253
776,5273
782,5279
884,5381
887,5384
893,5390
1076,5573
1229,5726
1390,5887
1452,5949
1511,6008
1636,6133
1739,6236
1766,6263
1789,6286
1824,6321
1858,6355
1958,6455
2019,6516
2133,6630
2580,7077
2632,7129
2651,7148
2667,7164
2688,7185
2760,7257
2811,7308
2856,7353
2964,7461
2972,7469
3116,7613
3119,7616
3132,7629
3326,7823
3334,7831
3352,7849
3361,7858
3362,7859
3366,7863
3525,8022
3579,8076
3589,8086
3663,8160
3665,8162
3698,8195
3865,8362
3879,8376
3895,8392
4006,8503
4038,8535
4076,8573
4085,8582
4086,8583
4094,8591
4260,8757
4261,8758
4263,8760
4264,8761
4265,8762
4333,8830
4356,8853
4390,8887
4434,8931
4439,8936
4453,8950
4458,8955
4475,8972
4477,8974
4487,8984
4572,9069
4573,9070
4580,9077
4605,9102
4690,9187
4691,9188
4730,9227
4732,9229
4735,9232
4778,9275
4901,9398
4934,9431
4935,9432
4940,9437
4946,9443
4990,9487
4992,9489
5000,9497
5004,9501
5010,9507
5013,9510
5026,9523
5028,9525
5102,9599
5111,9608
5113,9610
5130,9627
5131,9628
5163,9660
5186,9683
5194,9691
5206,9703
5260,9757
5321,9818
5365,9862
5400,9897